Date,699-48-70,299-W19-114,299-W19-113,299-W19-125,299-W22-92,299-W22-91,299-W22-90,299-W14-22,299-W12-4,299-W12-3,299-W5-1,299-W11-92,299-W14-21,299-W6-15,299-W11-97,299-W11-49,299-W19-111,299-W17-2,299-W17-3,299-W11-96,299-W11-90,299-W11-50,299-W12-2,299-W14-74,299-W14-73,299-W14-20,299-W15-225,Total,Cumulative Total,Cumulative Total (start 2015)
7/31/12,0,0,0,0,0,0,0,0,0.868046997,0.325083457,0,0,0.200135609,0,0,0.856968144,0,0.306763121,0.165141629,0,0,0,0,0,0.24283077,0,0,2.964969729,2.96,
8/31/12,0,0,0,0,0.011192677,0.015713798,0.004342873,0,5.168165746,1.78987872,0,0.549564564,1.161532995,0,0,4.352874096,0,3.609054726,0.874987029,1.584351419,0.982058243,1.91E-06,4.572896423,0,2.202527081,0.725502259,0,27.60464456,30.57,
9/30/12,0,0,0,0,0.043962861,0.059143085,0.021727074,0,1.709047612,0.604470084,0,2.438023346,0.496484589,0,0,1.798013721,0,2.16108206,0.354510742,4.998332338,3.47859491,0.940036272,2.040034789,0,0.992681576,2.13550859,0.54463656,24.81629021,55.39,
10/31/12,0,0,0,0,0.16315546,0.204033503,0.079281566,0,10.00246252,3.28060743,0,14.65591094,1.986435312,0,0,7.620908387,0,9.769790538,1.578188349,9.780975902,15.52840522,4.324130797,13.28070256,0,3.915958682,9.403911252,4.675880158,110.2507386,165.64,
11/30/12,0,0,0,0,0.30304958,0.352270089,0.159837852,0,14.02391906,4.863826359,0,23.64696072,3.047139344,0,0,10.92621497,0,14.93707033,2.764400686,14.16510268,27.67031004,8.773668199,16.62617919,12.56528403,5.053854149,17.11089816,9.221844595,186.21183,351.85,
12/31/12,0,0,0,0,0.249855173,0.435549069,0.244288918,0,20.27481282,8.712961197,0,31.01090476,3.807928395,0,0,13.61423024,0,18.98807305,3.939741882,18.26977215,35.47342412,13.33701684,22.57163598,20.55131929,7.077133096,22.75103986,14.63791501,255.9476018,607.8,
1/31/13,0,0,0,0,0.425119157,0.608113828,0.263611917,0,21.60317798,10.3179079,0,36.02603248,5.68227728,0,0,14.84741179,0,25.67439247,4.866108021,26.61410136,39.75459742,16.88967557,27.51582038,19.5645126,9.13808914,27.07506444,15.6814579,302.5474716,910.34,
2/28/13,0,0,0,0,0.33865599,0.292781365,0.240913589,0,17.56705871,8.956461428,0,28.51182009,4.68197068,0,0,11.37808784,0,21.50396521,3.723304906,22.86820285,26.28589263,12.60178359,22.58833408,17.47701174,7.881832993,21.01680585,12.79708226,240.7119658,1151.06,
3/31/13,0,0,0,0,0.335173374,0.401645596,0.254063924,0,18.9117817,10.22720836,0,33.30952891,5.463107724,0,0,11.85515367,0,25.06733753,4.055757578,23.47869235,24.7982032,13.69649141,24.31478846,18.79738581,9.174962285,23.66923744,12.66258584,260.4731052,1411.53,
4/30/13,0,0,0,0,0.288849286,0.448664969,0.23049992,0,19.92916572,12.10332614,0,38.79264811,6.872021418,0,0,13.8624333,0,28.07610969,4.824692042,29.9450546,26.45970193,5.664592033,26.60290772,25.06988552,12.09968851,27.20696968,13.54008671,292.0172973,1703.55,
5/31/13,0,0,0,0,0.333658688,0.497756923,0.269858557,0,22.31849564,13.01508015,0,33.21356068,7.334081785,0,0,18.63517719,0,29.37061761,6.078343535,34.81597064,27.66660921,13.35870347,30.67652355,25.46354105,16.1130504,25.61669545,16.11410643,320.891831,2024.44,
6/30/13,0,0,0,0,0.353147584,0.50644503,0.289348616,0,14.298193,8.109144624,0,28.98860551,6.420995015,0,0,16.25067859,0,27.31168412,5.293439141,23.59093973,31.19083919,14.89181184,19.43920209,22.82764473,13.41546529,23.70071644,14.24270133,271.1210019,2295.56,
7/31/13,0,0,0,0,0.393883148,0.547778852,0.326616968,0,8.926388765,5.908689163,0,27.27049157,5.981087097,0,0,14.74727816,0,26.22840481,4.754779609,15.28325955,35.70625442,17.3271145,12.67354671,21.02086044,12.25544837,23.47222517,12.65735961,245.4814669,2541.04,
8/31/13,0,0,0,0,0.374870147,0.535809391,0.315078662,0,15.18505777,5.576824809,0,23.47076101,5.992031592,0,0,13.99744205,0,13.92536918,4.401815576,13.16478365,24.84560336,12.90365541,11.58789163,20.65689416,9.02509456,20.80215241,9.581249016,206.3423844,2747.38,
9/30/13,0,0,0,0,0.218439166,0.320359097,0.185819121,0,13.07669416,8.897476814,0,18.72801141,6.545700316,0,0,13.02824385,0,0.0709276,4.828605821,13.50267271,22.04009801,14.36730912,4.447097572,20.04298224,0.085663788,17.78433544,11.48431772,169.6547539,2917.04,
10/31/13,0,0,0,0,0.042027514,0.044709456,0.035762855,0,12.46049268,10.65476378,0,0,2.569465985,0,0,11.59133192,0,13.75187183,2.342447762,22.15135703,8.882520013,5.691558446,16.18943386,18.78617021,8.455844873,0,10.47166525,144.1214235,3061.16,
11/30/13,0,0,0,0,0.34306036,0.376936824,0.299168001,0,14.41142999,8.993553145,0,18.42870409,5.920734063,0,0,11.4414079,0,19.10090401,3.971150291,16.74321922,12.83168473,12.53195128,17.74995552,15.75259517,10.56261859,19.81282277,9.925708284,199.1976043,3260.36,
12/31/13,0,0,0,0,0.37628291,0.384893772,0.326949229,0,23.03414677,9.842043856,0,27.07654954,7.845895041,0,0,13.16696715,0,22.16134265,4.447948444,17.43040333,22.61254907,12.95514136,18.34359335,20.25098612,12.26957403,24.04817497,11.08528438,247.658726,3508.02,
1/31/14,0,0,0,0,0.40061353,0.580108735,0.34381952,0,27.57851538,9.941131348,0,32.32070497,8.635974367,0,0,14.51010184,0,24.23475549,4.447759203,17.0392291,37.37529661,13.58722105,17.42320828,21.21023818,13.52626533,28.04289903,11.7114599,282.9093018,3790.92,
2/28/14,0,0,0,0,0.332786768,0.474659714,0.306022847,0,11.78196057,6.384504531,0,26.66112697,7.297192145,0,0,12.60898447,0,20.30016461,4.472728381,12.91367303,39.37603289,20.94611744,12.9233697,15.73770164,10.89361852,0,9.947738069,213.3583823,4004.28,
3/31/14,0,0,0,0,0.334050257,0.46653889,0.325449505,0,13.77523706,12.12049102,0,26.92906801,7.671763229,0,0,14.53274912,0,22.82395983,4.227084898,17.04658288,40.86307121,27.8626871,16.69406949,22.31045967,11.96473896,0,11.28567298,251.2336741,4255.52,
4/30/14,0,0,0,0,0.306166847,0.42612968,0.304864538,0,13.08995741,14.52989003,0,24.17234004,7.259847303,0,0,13.8893348,0,21.48372567,4.106110859,17.56006555,40.58022318,27.83487218,20.15351334,23.95662922,11.03363219,0,10.29350667,250.9808095,4506.5,
5/31/14,0,0,0,0,0.300880476,0.439304668,0.309886508,0,10.61231575,11.40788196,0,19.2757851,6.506591152,0,0,16.19082485,0,19.69358474,4.094082868,14.16177636,29.02112885,19.98855625,17.35117564,13.7308122,11.26702912,10.91701187,9.392637549,214.6612659,4721.16,
6/30/14,0,0,0,0,0.352454011,0.445121419,0.240930022,0,14.1160591,9.414458153,0,16.57589998,6.305463483,0,0,15.67908307,0,19.00337633,3.590502038,17.04820928,26.96296134,15.77186272,18.02989933,17.2849796,12.49926413,16.88028828,8.197596616,218.3984089,4939.56,
7/31/14,0,0,0,0,0.4202694,0.456379103,0.199404075,0,14.96509958,8.033089177,0,14.17348095,6.495726331,0,0,16.0024772,0,20.08756702,4.577108679,21.00704087,23.77600445,12.92549901,18.89600073,17.39849197,10.55617346,21.96134027,7.78101637,219.7121686,5159.27,
8/31/14,0,0,0,0,0.402373103,0.426451465,0.200337231,0,13.703429,8.1937917,0,13.07510281,6.034259122,0,0,13.79909896,0,18.13361952,3.781484465,8.01148876,23.92069174,11.97560992,17.76203001,17.76198156,10.11028379,22.58996619,6.952773698,196.834773,5356.1,
9/30/14,0,0,0,0,0.395480188,0.408649312,0.207161986,0,12.55833214,5.342089833,0,12.03532688,5.347528524,0,0,10.01051382,0,15.28547838,2.894240883,0.065038595,22.92011711,11.29322242,0.980119727,14.55807828,9.708443893,23.55796534,5.863226219,153.4310135,5509.53,
10/31/14,0,0,0,0,0.43373797,0.439106349,0.236624901,0.042812967,19.28594697,9.957150782,0.019078457,15.40185509,7.00435515,0,0,15.88008504,0,19.22835957,4.432277873,20.22316485,26.64170302,11.70421344,25.70097978,24.88118465,16.82734037,26.08344228,7.288422632,251.7118421,5761.25,
11/30/14,0,0,0,0,0.396266376,0.400946211,0.222830544,2.614543601,15.00704474,8.175126392,1.404651427,15.09731442,6.904621906,0,0,15.82298972,0,18.69234577,4.532707711,19.85976566,25.88651408,11.06472615,21.19004478,24.50270031,19.12480515,24.07828893,6.941611624,241.9198455,6003.17,
12/31/14,0,0,0,0,0.366456526,0.371553857,0.220271103,3.600512787,12.96258335,7.038865618,2.062858207,15.09637596,7.547108326,0,0,17.47700628,0,18.92401275,4.903799122,17.3795662,26.23855705,11.42616147,18.40146459,24.61183006,19.59869374,23.97523508,6.80360021,239.0065123,6242.17,
1/31/15,0,0,0,0,0.37600968,0.378053829,0.246035774,3.414753849,14.51230608,6.969629299,2.061813027,16.49524422,7.828175549,1.224201017,0,19.03663989,0,19.02402856,5.244071682,19.90973305,27.5401427,11.33977571,19.22950678,25.90392696,21.66703059,23.84071728,6.750155686,252.9919512,6495.17,252.99
2/28/15,0,0,0,0,0.349760576,0.343205365,0.268759875,3.339524227,11.47679972,6.163439925,1.941117778,10.65057553,6.970517265,9.038150406,0,15.07812959,0,16.13971336,4.430909104,14.36335293,21.94117989,9.761362705,17.32823021,17.92996456,17.44176763,19.34449604,5.838085109,210.1390418,6705.3,463.13
3/31/15,0,0,0,0,0.399415507,0.383310273,0.292502777,4.708771669,14.8823166,7.615517656,2.493045001,12.76140351,7.77324732,9.682990828,0,17.38912671,0,16.22859565,5.21288781,18.69688826,25.74160008,11.39262212,20.07622257,26.54517511,18.60363645,21.88650648,6.426094888,249.1918773,6954.5,712.32
4/30/15,0,0,0,0,0.392434163,0.370299472,0.272512856,3.492653477,13.46263617,6.867136585,2.242960749,12.0591132,7.423109803,8.134651492,0,15.76063039,0,15.17740999,4.842896493,18.06896701,22.18013114,10.41597455,16.39600709,20.59859738,16.91249525,19.7461243,5.894237543,220.7109791,7175.21,933.03
5/31/15,0,0,0,0,0.388613861,0.384809335,0.281166034,4.328524145,13.33988449,7.499484226,2.557805934,11.68256788,7.356335202,7.3533437,0,15.79994466,0,15.33679496,4.622794568,20.37081727,21.01446002,10.25793354,17.07704766,17.66512033,17.81764753,21.83509312,5.376088164,222.3462766,7397.55,1155.38
6/30/15,0,0,0,0,0.355219125,0.36675698,0.266008156,4.86774458,13.15700652,7.041627624,2.264726683,10.8845266,7.28797073,9.407206538,0,16.50577283,0,14.37824169,4.559168264,23.5113579,18.91365462,9.479353455,17.0008957,20.80197424,17.1831295,22.45071123,4.741590882,225.4246439,7622.98,1380.8
7/31/15,0,0,0,0,0.363047468,0.387116138,0.278952393,5.611172282,14.28717618,8.734929092,2.858567443,0,7.6895607,8.874084936,0,17.74296539,0,15.10143485,4.858154182,25.15764013,18.79809683,9.752775602,18.816052,24.10487567,19.79698185,25.02945785,4.589894873,232.8329359,7855.81,1613.64
8/31/15,0,0,0,0,0.324004438,0.346275749,0.248220119,5.294483948,13.42364852,8.273016624,2.879034423,9.846262577,7.204906388,7.689081982,0,16.92834554,0,13.90708841,4.683884462,21.60741532,17.47104578,8.298213241,17.6263632,22.56736982,18.83335376,21.17121746,3.852254303,222.4754861,8078.29,1836.11
9/30/15,0,0.186696333,0.137444387,0,0.352444017,0.376802724,0.269282832,4.942506891,13.0126776,2.23514943,2.602490849,9.101696291,5.098412298,5.899492863,0,16.61037125,0,12.90391616,4.137072189,18.25834803,20.58097004,8.804501966,14.28155564,20.9745664,17.83408891,22.40230183,3.874260553,204.8770495,8283.16,2040.99
10/31/15,0,0.981450359,0.526008969,0,0.387356578,0.415576813,0.295046535,5.557015087,12.71267758,0,2.910741999,9.679042469,0.001570768,4.386525246,0.000794936,17.69451216,0.008176482,12.05233183,4.600529548,13.19475173,24.15305691,9.202006471,14.56341533,19.03399969,17.63913695,23.42921833,3.884540596,197.3094834,8480.47,2238.3
11/30/15,0,0.990160319,0.51514939,0,0.375719771,0.394252006,0.301443809,5.33103067,11.31204071,0,3.347370631,9.74922475,0,1.359857509,0.006794323,15.15777694,0,10.41114089,5.545107598,10.9356648,22.55542123,9.105640141,14.42567719,14.45082153,17.23655141,22.38084754,3.71490736,179.6026005,8660.08,2417.9
12/31/15,0,1.262230459,0.706594921,0,0.389624007,0.399350535,0.326610003,5.038647861,10.99947523,4.748681782,3.490907251,8.623532487,0,4.99706796,1.549003455,14.48080403,0,13.88891786,6.794038774,14.25589624,21.05442198,8.265674381,14.07027781,12.26071209,16.26956642,20.27313224,3.802646665,187.9478144,8848.02,2605.85
1/31/16,0,1.319891215,0.888931739,0,0.393022261,0.393868177,0.343994237,2.349518683,8.371192778,5.247270814,1.766748224,7.473936063,0,5.371009335,2.585275839,11.17777299,0,13.39185615,7.124762636,11.93353963,18.89615904,7.266625333,12.65346838,10.64566702,13.68290788,16.6049717,3.324267685,163.2066578,9011.23,2769.06
2/29/16,0,1.21910168,0.86486138,0,0.361542367,0.359283062,0.309857516,2.900969803,9.194137981,4.315446819,2.080138386,6.704814703,0,5.992286977,1.156824706,10.98132819,0,12.47360813,5.131839652,14.22153054,26.68921902,7.131809103,12.66987463,12.0890086,12.71629453,20.73951904,1.683334964,171.9866318,9183.22,2941.04
3/31/16,0,1.283670147,0.961755073,0,0.33969473,0.33415941,0.284814853,2.436438798,7.353158426,3.800254881,1.792277625,6.33100067,0,7.468498378,0.372286422,12.42928169,0,12.39614133,3.903391778,17.81914268,28.63013614,6.829708501,10.81730168,13.93127275,14.03295216,21.077509,1.146016153,175.7708633,9358.99,3116.81
4/30/16,0,1.2028889,0.953626018,0,0.353823615,0.346012062,0.290905525,0.067418183,0.146157114,0.09966454,0.048449779,6.242664761,0,0.010724418,0.803170496,11.83219321,0,3.663798723,2.506456323,0.015198197,15.82566867,5.932393587,0.19534803,0.650168146,8.798255775,17.6757799,1.881435393,79.54220136,9438.53,3196.36
5/31/16,0,1.212093371,0.972088644,0,0.379625172,0.36421025,0.310734463,0.002584719,0.007646611,0,0.00271184,7.312312965,0,0.013415375,0.001234316,12.54460783,0,7.081091372,1.12993708,0.02716301,16.63933896,5.882730735,0.01666413,9.928508118,6.509251494,18.42902606,2.252599388,91.0195759,9529.55,3287.38
6/30/16,0,1.122874757,0.90777586,0,0.369797593,0.352958462,0.306401602,0,0,0,0,6.729784475,0,0,0.119753477,10.50924127,0,0.016728176,0.253918347,0,16.59818323,5.293757138,0,3.521972407,3.790876878,17.96320334,2.682910951,70.54013795,9600.09,3357.92
7/31/16,0,1.097215311,0.892481058,0,0.401177028,0.360865453,0.310484815,2.322343556,5.872120055,3.835361737,1.518832734,4.178183722,0.001519337,4.941954487,1.451109257,3.86304695,0.002307083,6.997073028,2.67813592,10.69262279,24.98304451,5.73136945,7.562005403,12.72590524,13.06139869,19.07274233,1.48771733,136.0410173,9736.13,3493.96
8/31/16,0,0.999653186,0.721948336,0,0.397943779,0.348317729,0.243999257,2.783980541,6.078689139,4.614498064,1.846305129,4.262904895,1.489406798,19.55558552,0.912182768,8.281388487,0.096734314,10.25487118,2.323319159,12.40979612,20.7543735,4.225770583,7.977215681,13.69186167,11.64670565,12.59148093,1.950290741,150.4592231,9886.59,3644.42
9/30/16,0,1.013704731,0.834654674,0,0.383259114,0.302322831,0.106138536,4.72845534,10.01080045,7.720295909,3.362071466,5.372260244,4.822374542,29.89047639,1.953838451,9.566621132,0.891603582,10.81776378,2.264410274,18.00016645,24.83806445,4.420081563,15.6291824,15.39953298,11.6158243,19.14789167,1.936236302,205.0280316,10091.62,3849.44
10/31/16,0,1.032801627,0.848288796,0,0.388293814,0.321964154,0.064755731,2.583685633,6.890581503,0.92051009,2.022906053,2.9282896,0,7.54548412,0.604718963,0,0,8.109269345,0.660020479,0.33136824,21.0544002,3.108277461,8.818363163,1.041604721,8.282090153,16.39527664,1.849361184,95.80231168,10187.42,3945.25
11/30/16,0,0.925623493,0.883224194,0,0.362641806,0.331618022,0,4.454745833,9.654220306,6.965826204,2.520318597,5.183244725,0,15.37979379,1.93964317,9.860830074,0,12.3834379,3.373968473,6.265309311,18.8798867,2.870039123,13.19126593,5.510431175,11.88026132,15.43686576,2.255914026,150.5091099,10337.93,4095.76
12/31/16,0,1.113199484,0.889172787,0,0.338568869,0.360030816,0.090978995,5.399168504,12.12592698,8.102691654,2.889739304,5.757721666,2.186324982,4.149572009,2.54260149,15.96394335,0,14.15031811,4.39715809,13.70136914,17.33879597,7.914845138,14.32871043,8.944632224,13.50327794,14.84230111,2.34711251,173.3781616,10511.31,4269.13
1/31/17,0,1.050003291,0.746479439,0,0.334988156,0.336224737,0.255965692,4.739507657,8.245789,6.80152373,2.86716662,4.58946391,6.064821072,0,2.499444531,14.63786009,0,12.83966928,3.819783644,16.37923982,20.80270075,7.555746949,13.67757523,11.35480725,12.45432392,12.58131376,2.020108286,166.6545068,10677.96,4435.79
2/28/17,0,0.885908605,0.563174732,0,0.263025488,0.280224557,0.218978491,3.652588441,7.153755591,5.06474044,2.301101238,3.097030315,4.615144978,0,2.090826818,9.664078413,0,9.789611812,2.762240698,14.46773286,18.67119709,6.195264189,10.76549337,11.87031797,9.895358606,9.372951873,1.45563324,135.0963798,10813.06,4570.88
3/31/17,0,0.951695809,0.570779787,0,0.270552228,0.299780966,0.239412996,3.056347327,5.771464213,3.42293333,1.197240306,2.699410715,5.384833906,3.24955993,2.134791028,9.401723307,0,6.975728442,2.56067681,9.094740321,16.12694302,5.201836293,6.213880447,8.347554983,7.375598008,7.358865853,1.456928888,109.3632789,10922.42,4680.25
4/30/17,0,0.926903406,0.630769217,0,0.291856688,0.315577175,0.258397788,2.763350531,4.73006871,1.124135936,1.22532138,2.340789273,4.558883658,3.137956091,1.895313275,6.917217047,0,4.378911276,2.089381307,3.418487927,14.56910507,4.968255672,6.251914888,2.529510892,5.165145364,7.740723076,0.780846127,83.00882177,11005.43,4763.26
5/31/17,0,0.953637623,0.734479343,0,0.336350187,0.351417249,0.286624889,4.397360861,6.756204284,5.693560669,2.815476458,2.786622127,4.678354747,15.33941597,2.261872832,7.799019547,0,8.034369672,2.51559895,18.02832139,15.95462466,5.722809703,11.49958223,13.83285574,10.53451603,9.888902979,1.67186661,152.8738448,11158.3,4916.13
6/30/17,0,0.933781525,0.800428195,0,0.361100616,0.374413797,0.316121743,4.999064358,6.92804902,5.559736883,2.868485679,3.065107753,4.550722834,15.84170398,2.291873514,7.752128041,0,7.619855217,2.727364389,18.3276163,13.05626727,4.963073505,12.97405152,13.87628176,11.2213887,9.012867654,1.712115768,152.1336,11310.44,5068.26
7/31/17,0,0.800617565,0.630775818,0,0.316613417,0.323229797,0.320174409,5.954941429,11.10587213,6.503814042,1.849487215,3.514554823,5.943430947,15.532165,2.486812666,11.13531258,0,8.545743369,3.536219809,19.15896735,19.77475185,6.588093335,15.84186716,16.00731775,13.86540756,11.86384435,1.700173282,183.3001877,11493.74,5251.56
8/31/17,0,1.095909665,0.764337907,0,0.246677769,0.22360143,0.294711443,1.057478657,6.90876513,4.028719647,0,2.398121223,5.058612688,2.894078891,0.254888303,10.73211632,0,7.113951626,0.425041904,3.801517178,22.36667804,6.039145475,12.9327519,16.8176305,7.231033764,10.06794255,0.194241088,122.9479531,11616.69,5374.51
9/30/17,0,0.942972652,0.80076777,0.531176052,0.250040386,0.227588695,0.306830216,6.401323187,15.4445537,7.988839162,0.00179349,3.235911188,5.955204751,14.35471872,2.343373782,16.08450442,0,8.472352408,4.649384764,19.22889761,21.84372016,6.087500682,17.67693185,15.6555914,16.04860684,9.779841616,1.475343649,195.7877691,11812.47,5570.3
10/31/17,0,0.59449816,0.829674793,1.519122171,0.331372243,0.344413619,0.391451143,6.747899282,15.9735354,8.810383097,2.203139165,3.308168425,6.172765317,15.57624663,2.904270109,18.15979397,0,9.535701181,4.248711819,20.59422734,18.36409114,5.375696112,15.77487403,17.3460275,17.46332917,10.73808168,1.46856166,204.7760352,12017.25,5775.08
11/30/17,0,0.585057899,0.819785364,1.485363901,0.180353462,0.343048354,0.375383092,7.500587759,14.91814323,8.006654657,2.733802601,3.635079529,5.897190152,17.77144984,2.630983729,18.18465334,0,11.03573887,2.913639286,22.47081293,11.96752179,5.030815325,12.44111545,19.45335774,19.41724011,7.904330415,1.546691839,199.2488007,12216.5,5974.33
12/31/17,0,0.602243234,0.85967177,1.535656834,0.363396454,0.359722918,0.392303578,8.33403006,14.80013766,6.342481533,3.148762196,3.966038684,7.299108573,18.99635561,2.89354317,19.08074788,0,8.328161126,3.036851125,24.213344,11.70076274,5.064522449,8.953304278,20.57435779,22.82917949,8.549765284,1.510724989,203.7351734,12420.23,6178.06
1/31/18,0,0.590730008,0.873509114,1.530834224,0.348816149,0.351981536,0.395282986,8.509805614,14.5304469,8.419038425,3.647502856,4.329950194,8.338710101,16.96582783,3.721402717,19.52150147,0,0,3.675108859,22.93741632,13.70912764,5.288269425,16.88185672,17.78077562,24.49138679,9.516720053,1.590029127,207.9460307,12628.18,6386.01
2/28/18,0,0.524572045,0.803090128,1.381333312,0.318423086,0.292790165,0.377588709,8.070633545,13.00419526,8.0612705,3.667526717,3.71077007,8.377235977,13.60074394,4.619785181,18.04192607,0,0,4.009197897,19.47253934,13.87721456,5.222535435,13.11195006,14.32995498,19.56243644,9.400773056,1.687517767,185.5260042,12813.71,6571.53
3/31/18,0,0.570152442,0.897512207,1.497183857,0.35057243,0.355113746,0.428922074,7.577187203,12.11556081,7.7810331,3.155126833,3.41711464,8.226496729,14.56009746,3.894459503,18.9678634,0,0,3.52172359,21.30211263,16.95794804,6.242038879,15.96075479,2.645220286,24.52956793,10.95724186,1.499422204,187.4104266,13001.12,6758.94
4/30/18,0,0.530157092,0.850070058,1.313167247,0.33849416,0.347489649,0.415034289,7.003161748,12.25709532,7.666087358,3.141039325,2.912286617,7.639532962,14.66236665,3.696504472,16.77305682,0,0,2.57027059,21.39399044,14.97845861,6.701194406,13.95852219,15.08743275,21.62509332,11.26837698,0.970859472,188.0997425,13189.22,6947.04
5/31/18,0,0.53566403,0.857352568,1.139154397,0.348075381,0.377074128,0.427839566,7.814800264,11.83024481,7.847902466,3.373066611,2.590296613,7.591939506,16.61561355,5.013029097,15.74574908,0,0,4.251682351,22.83214211,20.15962181,6.579954301,14.01911789,18.81501868,20.53888419,10.28670904,0.878489876,200.4694223,13389.69,7147.51
6/30/18,0,0.491929613,0.816766695,1.08380823,0.360211523,0.374248077,0.418150324,7.20756809,7.924780464,7.421368847,3.018963442,2.349254972,6.547858164,17.24062388,5.344303654,13.76429723,0,0,3.849709201,22.68185304,21.37662086,6.57449665,13.10772206,19.98273338,18.13988685,9.656839926,0.590351236,190.3243464,13580.01,7337.84
7/31/18,0,0.461848402,0.784256127,1.121277741,0.341649343,0.361736697,0.415973816,4.68456979,11.74456348,4.404339806,1.434512914,0.867716065,5.471122599,17.43605684,2.786062627,13.40097291,0,0,0.328857252,22.00384946,19.43976758,6.152326534,14.08184521,18.84301251,17.68735271,8.74422443,0.005907002,173.0038018,13753.01,7510.84
8/31/18,0,0.409771687,0.709679404,1.117426066,0.304693831,0.335393202,0.402474729,7.811781349,13.34869514,5.400566914,1.937797445,1.265458262,7.589850893,16.77890171,3.704530107,14.70732215,0,0,0.200155965,19.79648734,16.09667223,5.240813516,14.57098333,17.33086192,16.27621417,7.395576168,0.002535691,172.7346432,13925.75,7683.57
9/30/18,0,0.430467747,0.671477626,1.098957418,0.271893921,0.309316063,0.372621179,7.461270689,12.24451825,4.77692636,1.701762492,1.325531988,6.80825868,15.14922581,3.172352983,14.17566605,0,0,0.612474797,18.14177396,10.34253424,3.423073402,13.8493724,16.29921573,16.24670615,4.778235874,0,153.6636338,14079.41,7837.24
10/31/18,0,0.691202949,0.351524546,1.241586065,0.311759066,0.330375166,0.414637961,8.62737667,15.76801826,7.428562922,2.073259036,1.517654996,7.493320536,17.74065741,3.030005326,14.84951516,0,0,1.379618077,20.88839432,16.10442777,5.016970209,15.97661392,18.60114702,20.78479148,6.908345095,0.008240762,187.5380047,14266.95,8024.78
11/30/18,0,1.366277439,0.012206797,1.288038484,0.317105111,0.324812124,0.414377834,9.543810743,16.4119918,9.148188616,2.931351572,1.884092333,6.892584045,17.58783106,3.730809574,14.16032424,0,0,2.290219345,21.15756612,15.10702562,4.858982918,15.99856984,18.74992903,22.70724858,6.504336866,0.270503972,193.6581841,14460.61,8218.43
12/31/18,0,0.468755368,0.795768172,1.203007949,0.293831711,0.322028924,0.373330956,7.202801993,15.3444444,8.890078795,3.820758809,1.475923044,6.76708596,16.67000637,4.399048023,14.05306332,0,0,3.090228612,21.95233643,16.00803337,5.4863577,15.89818805,18.87865592,22.90183801,6.478109252,1.381186117,194.1548673,14654.76,8412.59
1/31/19,0,0.41090651,0.722754736,1.050982564,0.265986251,0.318026822,0.327773113,6.080936254,12.76845941,6.804928201,3.33531148,1.413093018,7.729316974,13.09490847,4.341993159,12.88919234,0.117528689,0,2.990419454,19.36821833,16.46949797,5.291479317,14.69178771,16.47134393,19.96771496,6.084784715,1.004933545,174.0122779,14828.77,8586.6
2/28/19,0,0.608932982,0.6580245,0.808978603,0.249803629,0.275122149,0.058901439,6.649782287,10.89569592,4.75937296,2.118787904,1.171333934,6.618940297,9.459268728,3.189413223,8.291697622,0,0,2.050079487,11.86802289,11.34991404,4.914160334,11.57741926,15.27205513,17.10810353,7.871484331,0.766492102,138.5917873,14967.37,8725.19
3/31/19,0,0.658612142,0.69366745,0.933060467,0.290948426,0.296228007,0.042395495,8.345932471,13.75999065,5.85811812,2.267070423,1.368068507,7.743492286,10.89483753,4.377551553,10.95863063,0,0,2.634355036,12.87776768,10.85635345,5.765352282,11.62666323,12.61328843,13.61323797,8.121556471,1.121480168,147.7186589,15115.09,8872.91
4/30/19,0,0.608980944,0.597791941,0.831588019,0.272682715,0.254378178,0.228526534,6.425908084,12.414578,6.256764576,1.883022068,0.707732283,6.607809801,10.1489675,2.850616996,10.57796071,0,0.009906948,1.535566379,11.0375475,13.41709282,5.209150974,11.58386834,14.28188584,17.22995995,7.177340735,0.629663597,142.7792914,15257.86,9015.69
5/31/19,0,0.597017896,0.671384948,0.964580143,0.323051348,0.277298342,0.376203486,7.941781882,14.56962194,7.460137985,1.991084148,0.788212933,6.520598315,13.13135356,3.661850727,12.71910078,0,3.742150099,1.931411206,13.74860319,17.10722206,6.117107206,14.05053625,18.2661351,19.88020605,7.260982984,0.727854759,174.8254873,15432.69,9190.52
6/30/19,0,0.604106838,0.614998286,0.846395958,0.315872762,0.25082589,0.362301443,7.144702024,13.47943165,7.737323816,1.973431018,0.7190549,5.468750833,7.849253277,3.874958848,10.52841628,0,5.810455694,1.972520196,7.668756939,15.47629627,5.927975679,14.27048017,19.04915386,18.71448586,7.030987153,0.767490006,158.4584256,15591.15,9348.98
7/31/19,0,0.651939912,0.562103432,0.81598468,0.324411123,0.260689153,0.361258444,8.506987531,14.37165471,8.718185048,2.656624013,0.929185181,6.168567908,11.4974438,4.822520063,12.70646472,0,6.704356262,2.608924995,12.77177464,14.69091827,5.784365896,15.18889217,18.08145212,13.07217727,7.24294314,0.891305388,170.3911299,15761.54,9519.37
8/31/19,0,0.609641264,0.513371099,0.807335692,0.287441386,0.253511336,0.335568265,6.904235094,12.31273722,7.374826712,2.822099047,0.950940155,5.769412739,10.11591258,3.647208746,10.64498642,0,4.727598593,2.009691643,11.59705578,13.32038138,5.278433442,12.89683815,14.65701608,0,7.009010018,0.661626891,135.5068797,15897.05,9654.87
9/30/19,0,0.542166699,0.456876028,0.819472132,0.280402913,0.238942194,0.302948459,6.648321138,10.93172849,6.908361981,3.237362035,1.35024368,6.380390862,8.80198949,4.566028017,12.99699974,0.55579808,5.754403022,2.798964539,10.60592041,11.60695993,4.513778526,12.52710757,12.20718962,7.973070451,6.487979163,0.848407893,140.3418131,16037.39,9795.22
10/31/19,0,0.511325718,0.452511384,0.840325804,0.279018431,0.241936652,0.304130864,6.092666311,9.096522598,6.306066251,2.973828001,1.497023363,8.928681346,9.341883697,5.303558565,14.49637122,0.876250754,6.368906432,3.017576656,11.20700642,11.1688337,5.035021656,11.16874139,9.188631335,2.675678181,6.514668099,0.744382786,134.6315476,16172.02,9929.85
11/30/19,0,0.580380049,0.493022056,0.899126677,0.273450635,0.263195118,0.335130844,6.923227883,10.86519415,7.313310655,3.387334518,1.663170515,12.39397272,10.80135958,5.486073427,13.74439682,1.531442659,6.149476679,3.070455718,12.89889398,13.80216291,1.697643721,13.68873048,14.80488121,3.919471998,7.000131066,0.395486874,154.3811229,16326.4,10084.23
12/31/19,1.082367528,1.02421327,0.509486247,0.966953679,0.294238512,0.275953908,0.360392282,7.818403094,13.57649059,8.704574213,3.903641589,1.479684853,13.33160877,12.4792454,6.051533815,14.0334379,1.734133289,6.39631442,3.365996126,17.03410137,16.16876229,6.272934745,15.82141206,18.57361158,9.550988983,4.589882441,0.84804226,186.2484052,16512.65,10270.48
1/31/20,1.155605439,0.706112038,0.627174063,0.988337547,0.283583968,0.257925625,0.360788969,8.453352726,16.03141123,9.909618783,4.23603197,1.48925546,9.238151167,15.11721306,6.778310949,15.69346367,1.987912999,7.175934776,3.610108738,17.52773226,14.5193367,7.26395436,17.30270887,18.20920259,13.62032669,5.099119209,0.851316366,198.4939902,16711.14,10468.97
2/29/20,1.118049532,0.654754426,0.583518332,0.927750967,0.267046558,0.241477673,0.339714797,7.859731431,14.76107184,9.119339786,3.940208345,1.174818411,8.286639345,14.29605879,6.330998516,12.7002693,1.873560484,6.313815025,2.962959083,16.47742201,12.35808811,7.206279874,15.80055949,17.41516318,10.77570325,4.775174071,0.85873873,179.4189114,16890.56,10648.39
3/31/20,1.200289318,0.735374631,0.562484416,0.992949862,0.286907739,0.258053157,0.365535338,8.197732846,15.04563278,9.621365542,4.194523769,0.765497186,8.590371692,15.08974072,6.826507636,6.052065376,1.23443296,4.273301698,2.000354702,17.29311269,12.82728287,7.44154955,16.65743211,18.55760652,10.70122198,3.392937382,0.703940965,173.8682054,17064.43,10822.26
4/30/20,1.158724759,0.714819089,0.532172201,0.964458586,0.27972532,0.249708364,0.356097982,7.707737878,13.77229718,9.196290985,4.04061903,0,7.968718083,14.38213652,6.409268043,0,0,0,0,16.46108078,12.59189939,7.135148932,15.8103967,17.86484894,9.545780668,0,0,147.1419294,17211.57,10969.4
5/31/20,1.1470386,0.713378188,0.521884577,0.968847711,0.281225581,0.249863621,0.357100193,7.675318917,13.60392921,9.062892775,4.025395957,0,7.645034263,14.50955306,6.608906855,0,0,0,0,16.50986284,11.78435871,6.984357816,15.53547179,18.3041125,8.785923271,0,0,145.2744564,17356.85,11114.67
6/30/20,1.133329605,0.688165635,0.504842671,0.941464758,0.274937423,0.243245807,0.350129303,7.608118725,13.34234876,8.914211431,3.991913425,0,7.055392925,14.53848235,6.612655772,0,0,0,0,16.3963397,7.917055237,6.837645247,15.16276914,18.59987,8.639207037,0,0,139.7521249,17496.6,11254.43
7/31/20,1.157730776,0.725310819,0.540944659,1.000272019,0.29353126,0.257737317,0.372341575,7.815982362,13.59611437,9.103013057,4.104060824,0.323557516,7.240221208,15.36107518,6.786526987,0.703575806,0.803209049,2.017933538,0.82824207,17.13984784,1.247263185,7.302124342,15.37490886,19.81238608,9.67265285,1.410035448,0.658687913,145.6492869,17642.25,11400.08
8/31/20,0.91688725,0.566466023,0.46119843,0.917685212,0.290928152,0.259179945,0.378890302,7.449054636,13.06510649,8.843746849,3.996302,0.732640024,7.555181507,15.11623825,6.986501615,8.206726057,1.522133681,4.262820466,1.286648941,16.73475324,9.77647163,7.617357892,14.79124706,19.91034665,5.940445325,3.539557006,1.11012332,162.234638,17804.48,11562.31
9/30/20,1.033328702,0.527184447,0.440444726,0.846534583,0.290126704,0.250589524,0.370481629,6.770472358,12.02306046,8.273496683,3.726375476,0.81965785,7.83105567,13.78145994,6.695807187,9.207995263,1.576522731,4.375083231,1.37338358,15.26295311,9.611834369,7.840998634,13.59333298,18.50101019,6.175130839,3.52316899,0.910485275,155.6319751,17960.11,11717.94
10/31/20,1.227797438,0.408844559,0.341157495,0.674109872,0.300321501,0.256956423,0.384421158,6.496678281,11.91178807,8.209634021,3.669422166,0.932177677,8.516327754,13.56003263,7.234188829,10.64216274,1.680605103,4.662408464,2.114458104,14.53976019,11.58714316,7.050667891,7.894494112,18.0208646,7.846715068,3.899759466,0.831265221,154.894162,18115.01,11872.84
11/30/20,0.995272725,0.060371714,0.366132689,0.701388748,0.294859751,0.249299646,0.273353113,6.005600813,11.05924685,7.759497178,3.480582711,1.053952839,8.765467851,12.38635693,7.050893581,10.9235576,1.775652451,4.899980035,2.336526485,13.37298618,12.10076238,2.181937158,13.11845017,17.08411305,7.339045587,3.832087073,0.711221178,150.1785965,18265.19,12023.01
12/31/20,0.984722912,0,0.355993869,0.717070776,0.305096851,0.256263631,0.390812998,5.999124185,11.10908509,7.880925224,3.528957517,1.217817097,9.332411424,11.96502953,7.379545158,11.5987163,1.885130307,5.080243341,2.533559909,12.89575603,13.09763359,3.085484051,13.18171897,16.92389037,7.941214402,4.056751572,0.642116494,154.3450716,18419.53,12177.36
1/31/21,1.127486751,0.137456467,0.377488033,0.756918656,0.282721815,0.171592254,0.346062568,6.992903206,12.49790024,8.0895275,3.924705355,1.113862887,9.03886032,10.78200666,7.294450925,9.41926457,1.405790573,4.909753666,2.251770029,12.06305375,14.21302391,3.886078637,14.60955732,16.72081564,7.270167627,4.488279594,0.680685177,154.8521841,18574.38,12332.21
2/28/21,1.07957438,0.279192305,0.342541401,0.70944852,0.239998939,0.195030264,0.286296025,6.441359062,11.92297367,7.380702617,3.526847225,0.902225599,7.830891245,9.002937566,6.423286005,7.853229477,1.455812341,3.860873955,1.86854309,10.2324333,13.27843868,1.680455836,13.0461253,14.58460849,6.231581216,4.315086572,0.607506708,135.5779998,18709.96,12467.79
3/31/21,1.112039308,0.285469035,0.307962913,0.79402547,0.255134722,0.208274928,0.305602302,5.967367392,12.63124327,6.837672079,3.289924811,0.829391722,7.975660351,9.636256215,6.678469919,8.148534718,1.388682045,3.68216957,1.952762657,11.32792339,11.45516446,7.425360642,11.85927127,15.18873865,6.904237443,3.507117305,0.595375823,140.5498324,18850.51,12608.34
4/30/21,0.951266222,0.257267943,0.254002126,0.708717349,0.239452286,0.195112463,0.286145682,4.691915497,11.50598301,5.438475841,2.603070626,0.598857128,6.575149755,8.927982895,5.808282634,7.072338562,1.026385734,2.85325462,1.616640003,10.23769595,9.18848201,6.51777507,8.980377745,13.48516943,6.165067253,3.017073952,0.483862452,119.6858042,18970.2,12728.03
5/31/21,0.963934421,0.242891555,0.255012694,0.694331234,0.237880474,0.194110592,0.283895314,4.16575657,11.72212771,4.829062918,1.95138001,0.517189403,6.243042836,9.049601558,5.809722144,7.02872613,0.91317721,2.543379198,1.544220739,10.72032671,8.745963508,6.263408788,8.230616501,13.49425781,6.30215152,2.781994812,0.451682985,116.1798453,19086.38,12844.21
6/30/21,0.883553654,0.234981939,0.235145787,0.602305581,0.22116178,0.168773873,0.295962046,4.370293148,10.45154707,4.967332379,1.091189562,0.591518319,6.737179572,7.191438709,5.483224331,6.033759099,1.103160479,2.437263043,1.618931753,8.609092777,7.976131488,5.774305464,8.752734055,11.42851545,5.747330866,2.538871926,0.433337032,105.9790412,19192.36,12950.18
7/31/21,0.739336572,0.255053607,0.24523623,0.556446087,0.218598786,0.175811952,0.336972235,4.528481601,8.221150944,5.161986862,2.436089364,0.895270876,8.794924887,4.478152595,6.297886855,5.803760664,1.532144706,2.825334963,2.027290388,5.334292648,8.088429013,5.826333127,9.317770551,9.897760122,5.635792761,2.536653745,0.478190223,102.6451524,19295,13052.83
8/31/21,0.943312399,0.269231929,0.247028653,0.59730759,0.227311059,0.183082079,0.331543366,5.604100794,10.30332199,7.075973255,3.282885211,0.761747825,8.33594803,4.706992652,4.349380568,5.18166425,1.485326756,2.877710127,1.896352441,5.363292268,8.611683078,6.207880333,12.14450289,10.28488866,6.102180881,2.505908453,0.414815269,110.2953728,19405.3,13163.12
9/30/21,0.913508215,0.263416796,0.208047572,0.595907552,0.219304047,0.176743788,0.302827531,5.907186182,11.01081937,7.021765875,3.385826363,0.647862371,7.71634069,5.818355009,3.491229763,5.875545979,1.401439137,2.725458904,1.729863351,6.524629622,8.510269224,6.155557797,12.20706646,10.51566511,6.137669096,2.352039602,0.351329411,112.1656748,19517.46,13275.29
10/31/21,0.967749855,0.281116204,0.221858747,0.645615658,0.230113541,0.185584606,0.301204708,6.514342152,12.37237397,7.732515091,3.835126902,0.661872299,8.092295516,8.026619004,6.032825911,7.200849933,1.524060584,3.36880401,1.949586363,8.681758531,9.115360544,5.521034324,13.66487806,12.64085393,6.744375261,2.32400152,0.368329036,129.2051063,19646.67,13404.5
11/30/21,0.950041664,0.27799019,0.215444045,0.650730124,0.223898768,0.180857331,0.277720334,6.609896766,12.74481212,7.833303591,4.009482357,0.566982524,8.581592021,8.544391547,6.408379592,7.463293317,1.626440337,3.446695205,1.875133312,8.765824811,9.108244166,6.730879202,13.95998185,13.13471714,6.84685712,2.156024831,0.327768791,133.5173831,19780.19,13538.01
12/31/21,0.979374188,0.289671812,0.219512326,0.672927848,0.234733305,0.189485692,0.283959307,6.836427204,13.19499461,8.11393731,4.144127295,0.565611212,8.90043766,8.897576623,6.669232883,7.650565339,1.517492121,3.575829506,1.95313512,9.126929269,9.361369382,6.957673382,14.44703082,13.68106564,7.049110661,2.222539343,0.338409282,138.0731591,19918.26,13676.09